stage,pixels,km2,ha
raw_threshold,27565,2.7565,275.65
after_opening,23867,2.3867000000000003,238.67000000000002
final_water,18529,1.8529,185.29
