layer,min,mean,max,n_valid
ΔNDVI Mid-Pre,-0.8862403,-0.026686005,0.6862134,4197159
ΔNDVI Post-Pre,-0.7444468,-0.035463434,0.5946685,4197163
ΔNDWI Mid-Pre,-0.54388064,0.019088024,0.96974075,4197162
ΔNDWI Post-Pre,-0.56514645,0.02049917,0.7211328,4197163
ΔBSI  Mid-Pre,-0.66992116,-0.003579597,0.50975984,4197121
ΔBSI  Post-Pre,-0.7288943,-0.013860363,0.43962735,4197131
