threshold,TP,FP,TN,FN,F1,PA,UA
0.0,17,12,18,13,0.576271186440678,0.5666666666666667,0.5862068965517241
-0.025,16,5,25,14,0.6274509803921569,0.5333333333333333,0.7619047619047619
-0.05,15,1,29,15,0.6521739130434783,0.5,0.9375
-0.075,12,0,30,18,0.5714285714285715,0.4,1.0
-0.1,12,0,30,18,0.5714285714285715,0.4,1.0
-0.15,9,0,30,21,0.4615384615384615,0.3,1.0
-0.2,9,0,30,21,0.4615384615384615,0.3,1.0
-0.25,9,0,30,21,0.4615384615384615,0.3,1.0
-0.3,8,0,30,22,0.4210526315789474,0.26666666666666666,1.0
