scope,N,TN,FP,FN,TP,OA,PA,UA,Kappa,F1
Lake AOI (LAKE_BBOX_LONLAT),23,0,0,11,12,0.5217391304347826,0.5217391304347826,1.0,,0.6857142857142856
