dataset,N,OA,PA,UA,Kappa,F1
"Teacher (60 pts, field-corrected)",60,0.7333333333333333,0.5,0.9375,0.4666666666666667,0.6521739130434783
"Student GEP (25 pts, 2022-11-13)",25,0.32,0.1111111111111111,0.6666666666666666,-0.01918465227817756,0.1904761904761905
